graph_type,size,probabilities,objective_value,time_ms,iterations,branch_and_bound_nodes
gnp_random_graph,10,0.5,5.0,7,0,0
gnp_random_graph,10,0.8,2.0,10,0,0
gnp_random_graph,20,0.5,4.0,17,0,0
gnp_random_graph,20,0.8,3.0,16,0,0
gnp_random_graph,40,0.5,6.0,64,0,0
gnp_random_graph,40,0.8,4.0,52,0,0
gnp_random_graph,80,0.5,6.0,6330,0,0
gnp_random_graph,80,0.8,4.0,186,0,0
gnp_random_graph,100,0.5,7.0,24286,0,0
gnp_random_graph,100,0.8,4.0,328,0,0
gnp_random_graph,10,0.5,2.0,28,0,0
gnp_random_graph,10,0.8,3.0,17,0,0
gnp_random_graph,20,0.5,4.0,57,0,0
gnp_random_graph,20,0.8,3.0,44,0,0
gnp_random_graph,40,0.5,6.0,645,0,0
gnp_random_graph,40,0.8,4.0,175,0,0
gnp_random_graph,80,0.5,6.0,12211,0,0
gnp_random_graph,80,0.8,4.0,387,0,0
gnp_random_graph,100,0.5,7.0,33935,0,0
gnp_random_graph,100,0.8,4.0,676,0,0
gnp_random_graph,10,0.5,4.0,17,0,0
gnp_random_graph,10,0.8,2.0,23,0,0
gnp_random_graph,20,0.5,4.0,32,0,0
gnp_random_graph,20,0.8,3.0,46,0,0
gnp_random_graph,40,0.5,6.0,373,0,0
gnp_random_graph,40,0.8,4.0,96,0,0
gnp_random_graph,80,0.5,6.0,4711,0,0
gnp_random_graph,80,0.8,4.0,478,0,0
gnp_random_graph,100,0.5,6.0,23022,0,0
gnp_random_graph,100,0.8,4.0,703,0,0
gnp_random_graph,10,0.5,4.0,21,0,0
gnp_random_graph,10,0.8,2.0,22,0,0
gnp_random_graph,20,0.5,5.0,38,0,0
gnp_random_graph,20,0.8,4.0,40,0,0
gnp_random_graph,40,0.5,4.0,99,0,0
gnp_random_graph,40,0.8,4.0,89,0,0
gnp_random_graph,80,0.5,7.0,13094,0,0
gnp_random_graph,80,0.8,4.0,356,0,0
gnp_random_graph,100,0.5,7.0,89256,0,0
gnp_random_graph,100,0.8,4.0,843,0,0
gnp_random_graph,10,0.5,3.0,22,0,0
gnp_random_graph,10,0.8,2.0,21,0,0
gnp_random_graph,20,0.5,4.0,39,0,0
gnp_random_graph,20,0.8,4.0,41,0,0
gnp_random_graph,40,0.5,6.0,224,0,0
gnp_random_graph,40,0.8,3.0,40,0,0
gnp_random_graph,80,0.5,6.0,3603,0,0
gnp_random_graph,80,0.8,4.0,577,0,0
gnp_random_graph,100,0.5,7.0,35898,0,0
gnp_random_graph,100,0.8,4.0,863,0,0
gnp_random_graph,10,0.5,4.0,21,0,0
gnp_random_graph,10,0.8,2.0,19,0,0
gnp_random_graph,20,0.5,5.0,38,0,0
gnp_random_graph,20,0.8,4.0,34,0,0
gnp_random_graph,40,0.5,6.0,138,0,0
gnp_random_graph,40,0.8,4.0,154,0,0
gnp_random_graph,80,0.5,6.0,8485,0,0
gnp_random_graph,80,0.8,4.0,502,0,0
gnp_random_graph,100,0.5,7.0,40184,0,0
gnp_random_graph,100,0.8,4.0,713,0,0
gnp_random_graph,10,0.5,4.0,19,0,0
gnp_random_graph,10,0.8,2.0,24,0,0
gnp_random_graph,20,0.5,5.0,35,0,0
gnp_random_graph,20,0.8,4.0,39,0,0
gnp_random_graph,40,0.5,6.0,240,0,0
gnp_random_graph,40,0.8,4.0,150,0,0
gnp_random_graph,80,0.5,7.0,15844,0,0
gnp_random_graph,80,0.8,4.0,425,0,0
gnp_random_graph,100,0.5,7.0,33642,0,0
gnp_random_graph,100,0.8,4.0,764,0,0
gnp_random_graph,10,0.5,4.0,18,0,0
gnp_random_graph,10,0.8,3.0,19,0,0
gnp_random_graph,20,0.5,5.0,43,0,0
gnp_random_graph,20,0.8,3.0,44,0,0
gnp_random_graph,40,0.5,5.0,125,0,0
gnp_random_graph,40,0.8,3.0,64,0,0
gnp_random_graph,80,0.5,6.0,6881,0,0
gnp_random_graph,80,0.8,4.0,472,0,0
gnp_random_graph,100,0.5,7.0,42935,0,0
gnp_random_graph,100,0.8,4.0,862,0,0
gnp_random_graph,10,0.5,3.0,22,0,0
gnp_random_graph,10,0.8,2.0,25,0,0
gnp_random_graph,20,0.5,4.0,32,0,0
gnp_random_graph,20,0.8,2.0,46,0,0
gnp_random_graph,40,0.5,6.0,211,0,0
gnp_random_graph,40,0.8,4.0,132,0,0
gnp_random_graph,80,0.5,6.0,7465,0,0
gnp_random_graph,80,0.8,4.0,547,0,0
gnp_random_graph,100,0.5,6.0,16684,0,0
gnp_random_graph,100,0.8,4.0,1047,0,0
gnp_random_graph,10,0.5,4.0,36,0,0
gnp_random_graph,10,0.8,2.0,29,0,0
gnp_random_graph,20,0.5,5.0,49,0,0
gnp_random_graph,20,0.8,2.0,40,0,0
gnp_random_graph,40,0.5,6.0,547,0,0
gnp_random_graph,40,0.8,2.0,81,0,0
gnp_random_graph,10,0.5,4.0,10,0,0
gnp_random_graph,10,0.8,2.0,9,0,0
gnp_random_graph,20,0.5,5.0,17,0,0
gnp_random_graph,20,0.8,3.0,30,0,0
gnp_random_graph,40,0.5,5.0,191,0,0
gnp_random_graph,40,0.8,4.0,123,0,0
gnp_random_graph,80,0.5,6.0,8552,0,0
gnp_random_graph,80,0.8,4.0,459,0,0
gnp_random_graph,100,0.5,6.0,16773,0,0
gnp_random_graph,100,0.8,4.0,796,0,0
gnp_random_graph,10,0.5,4.0,18,0,0
gnp_random_graph,10,0.8,2.0,17,0,0
gnp_random_graph,20,0.5,4.0,34,0,0
gnp_random_graph,20,0.8,4.0,38,0,0
gnp_random_graph,40,0.5,6.0,241,0,0
gnp_random_graph,40,0.8,4.0,99,0,0
gnp_random_graph,80,0.5,7.0,16324,0,0
gnp_random_graph,80,0.8,4.0,489,0,0
gnp_random_graph,100,0.5,7.0,33177,0,0
gnp_random_graph,100,0.8,4.0,537,0,0
gnp_random_graph,10,0.5,4.0,19,0,0
gnp_random_graph,10,0.8,2.0,21,0,0
gnp_random_graph,20,0.5,5.0,42,0,0
gnp_random_graph,20,0.8,2.0,41,0,0
gnp_random_graph,40,0.5,6.0,228,0,0
gnp_random_graph,40,0.8,4.0,125,0,0
gnp_random_graph,80,0.5,6.0,6608,0,0
gnp_random_graph,80,0.8,4.0,449,0,0
gnp_random_graph,100,0.5,7.0,66433,0,0
gnp_random_graph,100,0.8,4.0,793,0,0
gnp_random_graph,10,0.5,4.0,8,0,0
gnp_random_graph,10,0.8,2.0,15,0,0
gnp_random_graph,20,0.5,6.0,48,0,0
gnp_random_graph,20,0.8,3.0,46,0,0
gnp_random_graph,40,0.5,6.0,327,0,0
gnp_random_graph,40,0.8,4.0,144,0,0
gnp_random_graph,80,0.5,6.0,7105,0,0
gnp_random_graph,80,0.8,4.0,456,0,0
gnp_random_graph,100,0.5,8.0,201308,0,0
gnp_random_graph,100,0.8,4.0,603,0,0
gnp_random_graph,10,0.5,4.0,26,0,0
gnp_random_graph,10,0.8,4.0,19,0,0
gnp_random_graph,20,0.5,4.0,33,0,0
gnp_random_graph,20,0.8,3.0,36,0,0
gnp_random_graph,40,0.5,6.0,253,0,0
gnp_random_graph,40,0.8,4.0,154,0,0
gnp_random_graph,80,0.5,6.0,10354,0,0
gnp_random_graph,80,0.8,4.0,423,0,0
gnp_random_graph,100,0.5,7.0,44934,0,0
gnp_random_graph,100,0.8,4.0,577,0,0
gnp_random_graph,10,0.5,4.0,8,0,0
gnp_random_graph,10,0.8,3.0,18,0,0
gnp_random_graph,20,0.5,5.0,30,0,0
gnp_random_graph,20,0.8,4.0,28,0,0
gnp_random_graph,40,0.5,6.0,371,0,0
gnp_random_graph,40,0.8,3.0,106,0,0
gnp_random_graph,80,0.5,6.0,8932,0,0
gnp_random_graph,80,0.8,4.0,440,0,0
gnp_random_graph,100,0.5,7.0,39750,0,0
gnp_random_graph,100,0.8,4.0,804,0,0
gnp_random_graph,10,0.5,3.0,34,0,0
gnp_random_graph,10,0.8,2.0,21,0,0
gnp_random_graph,20,0.5,5.0,43,0,0
gnp_random_graph,20,0.8,4.0,48,0,0
gnp_random_graph,40,0.5,6.0,295,0,0
gnp_random_graph,40,0.8,3.0,126,0,0
gnp_random_graph,80,0.5,7.0,18533,0,0
gnp_random_graph,80,0.8,4.0,504,0,0
gnp_random_graph,100,0.5,6.0,12689,0,0
gnp_random_graph,100,0.8,4.0,710,0,0
gnp_random_graph,10,0.5,4.0,23,0,0
gnp_random_graph,10,0.8,2.0,20,0,0
gnp_random_graph,20,0.5,4.0,34,0,0
gnp_random_graph,20,0.8,2.0,38,0,0
gnp_random_graph,40,0.5,6.0,229,0,0
gnp_random_graph,40,0.8,4.0,54,0,0
gnp_random_graph,80,0.5,6.0,5258,0,0
gnp_random_graph,80,0.8,4.0,375,0,0
gnp_random_graph,100,0.5,6.0,22071,0,0
gnp_random_graph,100,0.8,4.0,696,0,0
gnp_random_graph,10,0.5,5.0,18,0,0
gnp_random_graph,10,0.8,4.0,20,0,0
gnp_random_graph,20,0.5,4.0,45,0,0
gnp_random_graph,20,0.8,3.0,35,0,0
gnp_random_graph,40,0.5,6.0,265,0,0
gnp_random_graph,40,0.8,4.0,114,0,0
gnp_random_graph,80,0.5,6.0,3672,0,0
gnp_random_graph,80,0.8,4.0,512,0,0
gnp_random_graph,100,0.5,7.0,34670,0,0
gnp_random_graph,100,0.8,4.0,487,0,0
gnp_random_graph,10,0.5,3.0,12,0,0
gnp_random_graph,10,0.8,2.0,29,0,0
gnp_random_graph,20,0.5,4.0,32,0,0
gnp_random_graph,20,0.8,4.0,49,0,0
gnp_random_graph,40,0.5,6.0,140,0,0
gnp_random_graph,40,0.8,4.0,93,0,0
gnp_random_graph,80,0.5,6.0,6152,0,0
gnp_random_graph,80,0.8,4.0,470,0,0
gnp_random_graph,100,0.5,6.0,22729,0,0
gnp_random_graph,100,0.8,4.0,848,0,0
gnp_random_graph,10,0.5,2.0,23,0,0
gnp_random_graph,10,0.8,2.0,17,0,0
gnp_random_graph,20,0.5,5.0,53,0,0
gnp_random_graph,20,0.8,2.0,47,0,0
gnp_random_graph,40,0.5,6.0,287,0,0
gnp_random_graph,40,0.8,4.0,120,0,0
gnp_random_graph,80,0.5,6.0,6368,0,0
gnp_random_graph,80,0.8,4.0,379,0,0
gnp_random_graph,100,0.5,7.0,37117,0,0
gnp_random_graph,100,0.8,4.0,771,0,0
gnp_random_graph,10,0.5,4.0,19,0,0
gnp_random_graph,10,0.8,3.0,21,0,0
gnp_random_graph,20,0.5,5.0,50,0,0
gnp_random_graph,20,0.8,2.0,44,0,0
gnp_random_graph,40,0.5,6.0,301,0,0
gnp_random_graph,40,0.8,4.0,146,0,0
gnp_random_graph,80,0.5,6.0,8191,0,0
gnp_random_graph,80,0.8,4.0,461,0,0
gnp_random_graph,100,0.5,6.0,15819,0,0
gnp_random_graph,100,0.8,4.0,454,0,0
gnp_random_graph,10,0.5,4.0,9,0,0
gnp_random_graph,10,0.8,3.0,9,0,0
gnp_random_graph,20,0.5,4.0,11,0,0
gnp_random_graph,20,0.8,4.0,15,0,0
gnp_random_graph,40,0.5,6.0,232,0,0
gnp_random_graph,40,0.8,3.0,121,0,0
gnp_random_graph,80,0.5,6.0,3216,0,0
gnp_random_graph,80,0.8,4.0,498,0,0
gnp_random_graph,100,0.5,6.0,17844,0,0
gnp_random_graph,100,0.8,4.0,646,0,0
gnp_random_graph,10,0.5,4.0,23,0,0
gnp_random_graph,10,0.8,2.0,24,0,0
gnp_random_graph,20,0.5,5.0,32,0,0
gnp_random_graph,20,0.8,2.0,40,0,0
gnp_random_graph,40,0.5,6.0,192,0,0
gnp_random_graph,40,0.8,4.0,152,0,0
gnp_random_graph,80,0.5,7.0,17739,0,0
gnp_random_graph,80,0.8,4.0,478,0,0
gnp_random_graph,100,0.5,7.0,135976,0,0
gnp_random_graph,100,0.8,4.0,679,0,0
gnp_random_graph,10,0.5,5.0,19,0,0
gnp_random_graph,10,0.8,2.0,14,0,0
gnp_random_graph,20,0.5,5.0,31,0,0
gnp_random_graph,20,0.8,3.0,46,0,0
gnp_random_graph,40,0.5,6.0,294,0,0
gnp_random_graph,40,0.8,4.0,121,0,0
gnp_random_graph,80,0.5,6.0,7874,0,0
gnp_random_graph,80,0.8,4.0,483,0,0
gnp_random_graph,100,0.5,7.0,34537,0,0
gnp_random_graph,100,0.8,4.0,578,0,0
gnp_random_graph,10,0.5,4.0,17,0,0
gnp_random_graph,10,0.8,3.0,22,0,0
gnp_random_graph,20,0.5,5.0,35,0,0
gnp_random_graph,20,0.8,2.0,32,0,0
gnp_random_graph,40,0.5,6.0,277,0,0
gnp_random_graph,40,0.8,4.0,150,0,0
gnp_random_graph,80,0.5,6.0,18224,0,0
gnp_random_graph,80,0.8,4.0,445,0,0
gnp_random_graph,100,0.5,7.0,40805,0,0
gnp_random_graph,100,0.8,4.0,615,0,0
gnp_random_graph,10,0.5,4.0,13,0,0
gnp_random_graph,10,0.8,3.0,30,0,0
gnp_random_graph,20,0.5,5.0,35,0,0
gnp_random_graph,20,0.8,3.0,44,0,0
gnp_random_graph,40,0.5,6.0,640,0,0
gnp_random_graph,40,0.8,4.0,157,0,0
gnp_random_graph,80,0.5,6.0,4642,0,0
gnp_random_graph,80,0.8,4.0,453,0,0
gnp_random_graph,100,0.5,6.0,15379,0,0
gnp_random_graph,100,0.8,4.0,570,0,0
gnp_random_graph,10,0.5,4.0,24,0,0
gnp_random_graph,10,0.8,2.0,17,0,0
gnp_random_graph,20,0.5,5.0,30,0,0
gnp_random_graph,20,0.8,4.0,36,0,0
gnp_random_graph,40,0.5,6.0,193,0,0
gnp_random_graph,40,0.8,4.0,91,0,0
gnp_random_graph,80,0.5,7.0,9477,0,0
gnp_random_graph,80,0.8,4.0,471,0,0
gnp_random_graph,100,0.5,7.0,33247,0,0
gnp_random_graph,100,0.8,4.0,757,0,0
gnp_random_graph,10,0.5,4.0,23,0,0
gnp_random_graph,10,0.8,2.0,21,0,0
gnp_random_graph,20,0.5,4.0,36,0,0
gnp_random_graph,20,0.8,4.0,51,0,0
gnp_random_graph,40,0.5,6.0,228,0,0
gnp_random_graph,40,0.8,4.0,129,0,0
gnp_random_graph,80,0.5,7.0,15841,0,0
gnp_random_graph,80,0.8,4.0,344,0,0
gnp_random_graph,100,0.5,6.0,25234,0,0
gnp_random_graph,100,0.8,4.0,795,0,0
gnp_random_graph,10,0.5,4.0,9,0,0
gnp_random_graph,10,0.8,2.0,18,0,0
gnp_random_graph,20,0.5,5.0,38,0,0
gnp_random_graph,20,0.8,3.0,36,0,0
gnp_random_graph,40,0.5,6.0,173,0,0
gnp_random_graph,40,0.8,4.0,143,0,0
gnp_random_graph,80,0.5,7.0,18626,0,0
gnp_random_graph,80,0.8,4.0,432,0,0
gnp_random_graph,100,0.5,7.0,29700,0,0
gnp_random_graph,100,0.8,4.0,683,0,0
gnp_random_graph,10,0.5,4.0,14,0,0
gnp_random_graph,10,0.8,3.0,16,0,0
gnp_random_graph,20,0.5,5.0,31,0,0
gnp_random_graph,20,0.8,4.0,55,0,0
gnp_random_graph,40,0.5,6.0,160,0,0
gnp_random_graph,40,0.8,4.0,139,0,0
gnp_random_graph,80,0.5,7.0,16000,0,0
gnp_random_graph,80,0.8,4.0,394,0,0
gnp_random_graph,100,0.5,7.0,34528,0,0
gnp_random_graph,100,0.8,4.0,801,0,0
gnp_random_graph,10,0.5,4.0,24,0,0
gnp_random_graph,10,0.8,3.0,16,0,0
gnp_random_graph,20,0.5,4.0,48,0,0
gnp_random_graph,20,0.8,3.0,47,0,0
gnp_random_graph,40,0.5,6.0,294,0,0
gnp_random_graph,40,0.8,4.0,151,0,0
gnp_random_graph,80,0.5,6.0,6719,0,0
gnp_random_graph,80,0.8,4.0,458,0,0
gnp_random_graph,100,0.5,6.0,12723,0,0
gnp_random_graph,100,0.8,4.0,766,0,0
gnp_random_graph,10,0.5,4.0,18,0,0
gnp_random_graph,10,0.8,2.0,28,0,0
gnp_random_graph,20,0.5,6.0,31,0,0
gnp_random_graph,20,0.8,4.0,58,0,0
gnp_random_graph,40,0.5,6.0,307,0,0
gnp_random_graph,40,0.8,4.0,138,0,0
gnp_random_graph,80,0.5,6.0,3124,0,0
gnp_random_graph,80,0.8,4.0,598,0,0
gnp_random_graph,100,0.5,7.0,27991,0,0
gnp_random_graph,100,0.8,4.0,681,0,0
gnp_random_graph,10,0.5,3.0,25,0,0
gnp_random_graph,10,0.8,3.0,21,0,0
gnp_random_graph,20,0.5,4.0,44,0,0
gnp_random_graph,20,0.8,3.0,46,0,0
gnp_random_graph,40,0.5,6.0,159,0,0
gnp_random_graph,40,0.8,4.0,149,0,0
gnp_random_graph,80,0.5,6.0,5703,0,0
gnp_random_graph,80,0.8,4.0,449,0,0
gnp_random_graph,100,0.5,6.0,26680,0,0
gnp_random_graph,100,0.8,4.0,684,0,0
gnp_random_graph,10,0.5,5.0,18,0,0
gnp_random_graph,10,0.8,3.0,16,0,0
gnp_random_graph,20,0.5,5.0,50,0,0
gnp_random_graph,20,0.8,2.0,39,0,0
gnp_random_graph,40,0.5,6.0,362,0,0
gnp_random_graph,40,0.8,4.0,161,0,0
gnp_random_graph,80,0.5,6.0,5203,0,0
gnp_random_graph,80,0.8,4.0,500,0,0
gnp_random_graph,100,0.5,7.0,25609,0,0
gnp_random_graph,100,0.8,4.0,780,0,0
gnp_random_graph,10,0.5,4.0,20,0,0
gnp_random_graph,10,0.8,2.0,25,0,0
gnp_random_graph,20,0.5,4.0,30,0,0
gnp_random_graph,20,0.8,2.0,32,0,0
gnp_random_graph,40,0.5,6.0,228,0,0
gnp_random_graph,40,0.8,4.0,143,0,0
gnp_random_graph,80,0.5,6.0,15229,0,0
gnp_random_graph,80,0.8,4.0,458,0,0
gnp_random_graph,100,0.5,6.0,24155,0,0
gnp_random_graph,100,0.8,4.0,806,0,0
gnp_random_graph,10,0.5,4.0,12,0,0
gnp_random_graph,10,0.8,2.0,21,0,0
gnp_random_graph,20,0.5,5.0,39,0,0
gnp_random_graph,20,0.8,2.0,53,0,0
gnp_random_graph,40,0.5,5.0,112,0,0
gnp_random_graph,40,0.8,4.0,151,0,0
gnp_random_graph,80,0.5,6.0,6780,0,0
gnp_random_graph,80,0.8,4.0,391,0,0
gnp_random_graph,100,0.5,7.0,32291,0,0
gnp_random_graph,100,0.8,4.0,748,0,0
gnp_random_graph,10,0.5,3.0,9,0,0
gnp_random_graph,10,0.8,2.0,23,0,0
gnp_random_graph,20,0.5,5.0,33,0,0
gnp_random_graph,20,0.8,2.0,29,0,0
gnp_random_graph,40,0.5,6.0,215,0,0
gnp_random_graph,40,0.8,4.0,123,0,0
gnp_random_graph,80,0.5,6.0,4691,0,0
gnp_random_graph,80,0.8,4.0,434,0,0
gnp_random_graph,100,0.5,6.0,35303,0,0
gnp_random_graph,100,0.8,4.0,773,0,0
gnp_random_graph,10,0.5,4.0,20,0,0
gnp_random_graph,10,0.8,2.0,21,0,0
gnp_random_graph,20,0.5,6.0,54,0,0
gnp_random_graph,20,0.8,2.0,37,0,0
gnp_random_graph,40,0.5,6.0,289,0,0
gnp_random_graph,40,0.8,4.0,148,0,0
gnp_random_graph,80,0.5,6.0,9575,0,0
gnp_random_graph,80,0.8,4.0,421,0,0
gnp_random_graph,100,0.5,7.0,32137,0,0
gnp_random_graph,100,0.8,4.0,591,0,0
gnp_random_graph,10,0.5,3.0,19,0,0
gnp_random_graph,10,0.8,3.0,22,0,0
gnp_random_graph,20,0.5,5.0,49,0,0
gnp_random_graph,20,0.8,2.0,29,0,0
gnp_random_graph,40,0.5,5.0,409,0,0
gnp_random_graph,40,0.8,4.0,148,0,0
gnp_random_graph,80,0.5,6.0,15726,0,0
gnp_random_graph,80,0.8,4.0,426,0,0
gnp_random_graph,100,0.5,6.0,30527,0,0
gnp_random_graph,100,0.8,4.0,732,0,0
gnp_random_graph,10,0.5,4.0,19,0,0
gnp_random_graph,10,0.8,3.0,18,0,0
gnp_random_graph,20,0.5,5.0,34,0,0
gnp_random_graph,20,0.8,3.0,39,0,0
gnp_random_graph,40,0.5,6.0,241,0,0
gnp_random_graph,40,0.8,4.0,158,0,0
gnp_random_graph,80,0.5,7.0,15077,0,0
gnp_random_graph,80,0.8,4.0,465,0,0
gnp_random_graph,100,0.5,6.0,32232,0,0
gnp_random_graph,100,0.8,4.0,858,0,0
gnp_random_graph,10,0.5,4.0,24,0,0
gnp_random_graph,10,0.8,2.0,21,0,0
gnp_random_graph,20,0.5,5.0,50,0,0
gnp_random_graph,20,0.8,4.0,52,0,0
gnp_random_graph,40,0.5,6.0,166,0,0
gnp_random_graph,40,0.8,4.0,126,0,0
gnp_random_graph,80,0.5,6.0,8155,0,0
gnp_random_graph,80,0.8,4.0,391,0,0
gnp_random_graph,100,0.5,7.0,37730,0,0
gnp_random_graph,100,0.8,4.0,821,0,0
gnp_random_graph,10,0.5,3.0,24,0,0
gnp_random_graph,10,0.8,2.0,21,0,0
gnp_random_graph,20,0.5,5.0,45,0,0
gnp_random_graph,20,0.8,2.0,31,0,0
gnp_random_graph,40,0.5,6.0,544,0,0
gnp_random_graph,40,0.8,4.0,147,0,0
gnp_random_graph,80,0.5,6.0,7297,0,0
gnp_random_graph,80,0.8,4.0,483,0,0
gnp_random_graph,100,0.5,7.0,38652,0,0
gnp_random_graph,100,0.8,4.0,725,0,0
gnp_random_graph,10,0.5,4.0,20,0,0
gnp_random_graph,10,0.8,3.0,21,0,0
gnp_random_graph,20,0.5,4.0,47,0,0
gnp_random_graph,20,0.8,2.0,41,0,0
gnp_random_graph,40,0.5,6.0,293,0,0
gnp_random_graph,40,0.8,4.0,149,0,0
gnp_random_graph,80,0.5,6.0,12191,0,0
gnp_random_graph,80,0.8,4.0,407,0,0
gnp_random_graph,100,0.5,7.0,36833,0,0
gnp_random_graph,100,0.8,4.0,692,0,0
gnp_random_graph,10,0.5,4.0,17,0,0
gnp_random_graph,10,0.8,2.0,18,0,0
gnp_random_graph,20,0.5,5.0,40,0,0
gnp_random_graph,20,0.8,3.0,65,0,0
gnp_random_graph,40,0.5,6.0,320,0,0
gnp_random_graph,40,0.8,4.0,147,0,0
gnp_random_graph,80,0.5,7.0,6457,0,0
gnp_random_graph,80,0.8,4.0,311,0,0
gnp_random_graph,100,0.5,7.0,35678,0,0
gnp_random_graph,100,0.8,4.0,911,0,0
gnp_random_graph,10,0.5,4.0,18,0,0
gnp_random_graph,10,0.8,2.0,24,0,0
gnp_random_graph,20,0.5,4.0,38,0,0
gnp_random_graph,20,0.8,3.0,47,0,0
gnp_random_graph,40,0.5,6.0,260,0,0
gnp_random_graph,40,0.8,4.0,119,0,0
gnp_random_graph,80,0.5,6.0,4191,0,0
gnp_random_graph,80,0.8,4.0,451,0,0
gnp_random_graph,100,0.5,6.0,20599,0,0
gnp_random_graph,100,0.8,4.0,746,0,0
gnp_random_graph,10,0.5,4.0,27,0,0
gnp_random_graph,10,0.8,3.0,17,0,0
gnp_random_graph,20,0.5,4.0,30,0,0
gnp_random_graph,20,0.8,3.0,44,0,0
gnp_random_graph,40,0.5,5.0,147,0,0
gnp_random_graph,40,0.8,4.0,116,0,0
gnp_random_graph,80,0.5,7.0,13292,0,0
gnp_random_graph,80,0.8,4.0,412,0,0
gnp_random_graph,100,0.5,6.0,31012,0,0
gnp_random_graph,100,0.8,4.0,1400,0,0
gnp_random_graph,10,0.5,4.0,22,0,0
gnp_random_graph,10,0.8,2.0,17,0,0
gnp_random_graph,20,0.5,5.0,30,0,0
gnp_random_graph,20,0.8,3.0,37,0,0
gnp_random_graph,40,0.5,6.0,342,0,0
gnp_random_graph,40,0.8,4.0,137,0,0
gnp_random_graph,80,0.5,6.0,4915,0,0
gnp_random_graph,80,0.8,4.0,513,0,0
gnp_random_graph,100,0.5,7.0,27117,0,0
gnp_random_graph,100,0.8,4.0,669,0,0
gnp_random_graph,10,0.5,6.0,20,0,0
gnp_random_graph,10,0.8,2.0,25,0,0
gnp_random_graph,20,0.5,5.0,41,0,0
gnp_random_graph,20,0.8,4.0,49,0,0
gnp_random_graph,40,0.5,6.0,260,0,0
gnp_random_graph,40,0.8,4.0,138,0,0
gnp_random_graph,80,0.5,6.0,10229,0,0
gnp_random_graph,80,0.8,4.0,536,0,0
gnp_random_graph,100,0.5,6.0,7127,0,0
gnp_random_graph,100,0.8,4.0,694,0,0
gnp_random_graph,10,0.5,4.0,9,0,0
gnp_random_graph,10,0.8,2.0,9,0,0
gnp_random_graph,20,0.5,4.0,33,0,0
gnp_random_graph,20,0.8,2.0,42,0,0
gnp_random_graph,40,0.5,6.0,261,0,0
gnp_random_graph,40,0.8,4.0,119,0,0
gnp_random_graph,80,0.5,6.0,4891,0,0
gnp_random_graph,80,0.8,4.0,560,0,0
gnp_random_graph,100,0.5,7.0,34994,0,0
gnp_random_graph,100,0.8,4.0,770,0,0
gnp_random_graph,10,0.5,4.0,21,0,0
gnp_random_graph,10,0.8,2.0,25,0,0
gnp_random_graph,20,0.5,5.0,29,0,0
gnp_random_graph,20,0.8,4.0,57,0,0
gnp_random_graph,40,0.5,5.0,134,0,0
gnp_random_graph,40,0.8,4.0,147,0,0
gnp_random_graph,80,0.5,6.0,11091,0,0
gnp_random_graph,80,0.8,4.0,465,0,0
gnp_random_graph,100,0.5,8.0,216093,0,0
gnp_random_graph,100,0.8,4.0,683,0,0
gnp_random_graph,10,0.5,4.0,27,0,0
gnp_random_graph,10,0.8,2.0,22,0,0
gnp_random_graph,20,0.5,5.0,49,0,0
gnp_random_graph,20,0.8,4.0,48,0,0
gnp_random_graph,40,0.5,5.0,113,0,0
gnp_random_graph,40,0.8,4.0,133,0,0
gnp_random_graph,80,0.5,6.0,5469,0,0
gnp_random_graph,80,0.8,4.0,502,0,0
gnp_random_graph,100,0.5,6.0,28411,0,0
gnp_random_graph,100,0.8,4.0,591,0,0
gnp_random_graph,10,0.5,4.0,23,0,0
gnp_random_graph,10,0.8,2.0,21,0,0
gnp_random_graph,20,0.5,4.0,47,0,0
gnp_random_graph,20,0.8,2.0,43,0,0
gnp_random_graph,40,0.5,6.0,270,0,0
gnp_random_graph,40,0.8,4.0,140,0,0
gnp_random_graph,80,0.5,6.0,5595,0,0
gnp_random_graph,80,0.8,4.0,519,0,0
gnp_random_graph,100,0.5,7.0,33907,0,0
gnp_random_graph,100,0.8,4.0,637,0,0
gnp_random_graph,10,0.5,4.0,18,0,0
gnp_random_graph,10,0.8,3.0,24,0,0
gnp_random_graph,20,0.5,5.0,41,0,0
gnp_random_graph,20,0.8,3.0,33,0,0
gnp_random_graph,40,0.5,6.0,260,0,0
gnp_random_graph,40,0.8,4.0,137,0,0
gnp_random_graph,80,0.5,7.0,18362,0,0
gnp_random_graph,80,0.8,4.0,554,0,0
gnp_random_graph,100,0.5,8.0,162012,0,0
gnp_random_graph,100,0.8,4.0,829,0,0
gnp_random_graph,10,0.5,4.0,17,0,0
gnp_random_graph,10,0.8,2.0,21,0,0
gnp_random_graph,20,0.5,5.0,34,0,0
gnp_random_graph,20,0.8,2.0,35,0,0
gnp_random_graph,40,0.5,5.0,192,0,0
gnp_random_graph,40,0.8,4.0,123,0,0
gnp_random_graph,80,0.5,6.0,7024,0,0
gnp_random_graph,80,0.8,4.0,502,0,0
gnp_random_graph,100,0.5,7.0,36231,0,0
gnp_random_graph,100,0.8,4.0,803,0,0
gnp_random_graph,10,0.5,4.0,36,0,0
gnp_random_graph,10,0.8,3.0,26,0,0
gnp_random_graph,20,0.5,4.0,43,0,0
gnp_random_graph,20,0.8,3.0,50,0,0
gnp_random_graph,40,0.5,6.0,404,0,0
gnp_random_graph,40,0.8,4.0,157,0,0
gnp_random_graph,80,0.5,6.0,12142,0,0
gnp_random_graph,80,0.8,4.0,482,0,0
gnp_random_graph,100,0.5,6.0,16679,0,0
gnp_random_graph,100,0.8,4.0,1795,0,0
gnp_random_graph,10,0.5,4.0,26,0,0
gnp_random_graph,10,0.8,2.0,21,0,0
gnp_random_graph,20,0.5,5.0,37,0,0
gnp_random_graph,20,0.8,3.0,41,0,0
gnp_random_graph,40,0.5,6.0,308,0,0
gnp_random_graph,40,0.8,4.0,140,0,0
gnp_random_graph,80,0.5,6.0,6647,0,0
gnp_random_graph,80,0.8,4.0,328,0,0
gnp_random_graph,100,0.5,7.0,30861,0,0
gnp_random_graph,100,0.8,4.0,593,0,0
gnp_random_graph,10,0.5,5.0,23,0,0
gnp_random_graph,10,0.8,2.0,22,0,0
gnp_random_graph,20,0.5,5.0,37,0,0
gnp_random_graph,20,0.8,3.0,37,0,0
gnp_random_graph,40,0.5,6.0,288,0,0
gnp_random_graph,40,0.8,4.0,147,0,0
gnp_random_graph,80,0.5,6.0,7700,0,0
gnp_random_graph,80,0.8,4.0,512,0,0
gnp_random_graph,100,0.5,7.0,28417,0,0
gnp_random_graph,100,0.8,4.0,917,0,0
gnp_random_graph,10,0.5,4.0,37,0,0
gnp_random_graph,10,0.8,3.0,21,0,0
gnp_random_graph,20,0.5,4.0,32,0,0
gnp_random_graph,20,0.8,4.0,48,0,0
gnp_random_graph,40,0.5,6.0,360,0,0
gnp_random_graph,40,0.8,4.0,146,0,0
gnp_random_graph,80,0.5,7.0,12292,0,0
gnp_random_graph,80,0.8,4.0,201,0,0
gnp_random_graph,100,0.5,6.0,4486,0,0
gnp_random_graph,100,0.8,4.0,313,0,0
gnp_random_graph,10,0.5,3.0,4,0,0
gnp_random_graph,10,0.8,2.0,5,0,0
gnp_random_graph,20,0.5,4.0,10,0,0
gnp_random_graph,20,0.8,3.0,12,0,0
gnp_random_graph,40,0.5,6.0,47,0,0
gnp_random_graph,40,0.8,4.0,38,0,0
gnp_random_graph,80,0.5,6.0,3364,0,0
gnp_random_graph,80,0.8,4.0,180,0,0
gnp_random_graph,100,0.5,7.0,19802,0,0
gnp_random_graph,100,0.8,4.0,611,0,0
